Model,Accuracy,Precision (macro),Recall (macro),F1-score (macro)
XGBoost (Tuned),0.9508196721311475,0.9716981132075472,0.8636363636363636,0.9064895247828308
Naive Bayes (Tuned),0.9344262295081968,0.874198717948718,0.9245454545454546,0.8962585034013606
XGBoost (Default),0.9344262295081968,0.8890909090909092,0.8890909090909092,0.8890909090909092
SVM (Tuned),0.9344262295081968,0.8890909090909092,0.8890909090909092,0.8890909090909092
SVM (Default),0.9344262295081968,0.9155982905982906,0.8536363636363636,0.8803921568627451
Random Forest (Tuned),0.9016393442622951,0.8822751322751323,0.7627272727272727,0.8044871794871795
Random Forest (Default),0.8852459016393442,0.8621212121212121,0.7172727272727273,0.7607843137254902
Naive Bayes (Default),0.819672131147541,0.4098360655737705,0.5,0.45045045045045046
